{
    "texture_width": 1024,
    "glyph_metrics": {
        "32": {
            "ascii_index": 32,
            "xy_lower_left": [-0.039216, -0.039216],
            "xy_upper_right": [0.039216, 0.039216],
            "uv_lower_left": [0.000000, 0.992188],
            "uv_upper_right": [0.007812, 1.000000],
            "advance": [0.451613, 0.000000]
        },
        "33": {
            "ascii_index": 33,
            "xy_lower_left": [0.122075, -0.047280],
            "xy_upper_right": [0.329538, 0.595667],
            "uv_lower_left": [0.099609, 0.923828],
            "uv_upper_right": [0.123047, 1.000000],
            "advance": [0.451613, 0.000000]
        },
        "34": {
            "ascii_index": 34,
            "xy_lower_left": [0.057559, 0.291429],
            "xy_upper_right": [0.394054, 0.595667],
            "uv_lower_left": [0.199219, 0.964844],
            "uv_upper_right": [0.238281, 1.000000],
            "advance": [0.451613, 0.000000]
        },
        "35": {
            "ascii_index": 35,
            "xy_lower_left": [-0.015022, -0.039216],
            "xy_upper_right": [0.474700, 0.595667],
            "uv_lower_left": [0.298828, 0.924805],
            "uv_upper_right": [0.356445, 1.000000],
            "advance": [0.451613, 0.000000]
        },
        "36": {
            "ascii_index": 36,
            "xy_lower_left": [0.009171, -0.144054],
            "xy_upper_right": [0.450506, 0.708570],
            "uv_lower_left": [0.398438, 0.898438],
            "uv_upper_right": [0.450195, 1.000000],
            "advance": [0.451613, 0.000000]
        },
        "37": {
            "ascii_index": 37,
            "xy_lower_left": [-0.039216, -0.047280],
            "xy_upper_right": [0.490829, 0.595667],
            "uv_lower_left": [0.498047, 0.923828],
            "uv_upper_right": [0.560547, 1.000000],
            "advance": [0.451613, 0.000000]
        },
        "38": {
            "ascii_index": 38,
            "xy_lower_left": [-0.023087, -0.047280],
            "xy_upper_right": [0.506958, 0.603732],
            "uv_lower_left": [0.597656, 0.922852],
            "uv_upper_right": [0.660156, 1.000000],
            "advance": [0.451613, 0.000000]
        },
        "39": {
            "ascii_index": 39,
            "xy_lower_left": [0.146268, 0.291429],
            "xy_upper_right": [0.313409, 0.595667],
            "uv_lower_left": [0.697266, 0.964844],
            "uv_upper_right": [0.715820, 1.000000],
            "advance": [0.451613, 0.000000]
        },
        "40": {
            "ascii_index": 40,
            "xy_lower_left": [0.097881, -0.135990],
            "xy_upper_right": [0.410183, 0.676312],
            "uv_lower_left": [0.796875, 0.903320],
            "uv_upper_right": [0.833008, 1.000000],
            "advance": [0.451613, 0.000000]
        },
        "41": {
            "ascii_index": 41,
            "xy_lower_left": [0.041429, -0.135990],
            "xy_upper_right": [0.361796, 0.676312],
            "uv_lower_left": [0.896484, 0.903320],
            "uv_upper_right": [0.933594, 1.000000],
            "advance": [0.451613, 0.000000]
        },
        "42": {
            "ascii_index": 42,
            "xy_lower_left": [-0.015022, 0.033365],
            "xy_upper_right": [0.474700, 0.515022],
            "uv_lower_left": [0.000000, 0.843750],
            "uv_upper_right": [0.057617, 0.900391],
            "advance": [0.451613, 0.000000]
        },
        "43": {
            "ascii_index": 43,
            "xy_lower_left": [0.009171, 0.033365],
            "xy_upper_right": [0.450506, 0.474700],
            "uv_lower_left": [0.099609, 0.848633],
            "uv_upper_right": [0.151367, 0.900391],
            "advance": [0.451613, 0.000000]
        },
        "44": {
            "ascii_index": 44,
            "xy_lower_left": [0.114010, -0.160183],
            "xy_upper_right": [0.329538, 0.152119],
            "uv_lower_left": [0.199219, 0.864258],
            "uv_upper_right": [0.223633, 0.900391],
            "advance": [0.451613, 0.000000]
        },
        "45": {
            "ascii_index": 45,
            "xy_lower_left": [0.065623, 0.178526],
            "xy_upper_right": [0.394054, 0.329538],
            "uv_lower_left": [0.298828, 0.883789],
            "uv_upper_right": [0.336914, 0.900391],
            "advance": [0.451613, 0.000000]
        },
        "46": {
            "ascii_index": 46,
            "xy_lower_left": [0.122075, -0.047280],
            "xy_upper_right": [0.337603, 0.160183],
            "uv_lower_left": [0.398438, 0.876953],
            "uv_upper_right": [0.422852, 0.900391],
            "advance": [0.451613, 0.000000]
        },
        "47": {
            "ascii_index": 47,
            "xy_lower_left": [0.009171, -0.119861],
            "xy_upper_right": [0.442441, 0.676312],
            "uv_lower_left": [0.498047, 0.805664],
            "uv_upper_right": [0.548828, 0.900391],
            "advance": [0.451613, 0.000000]
        },
        "48": {
            "ascii_index": 48,
            "xy_lower_left": [0.017236, -0.047280],
            "xy_upper_right": [0.442441, 0.603732],
            "uv_lower_left": [0.597656, 0.823242],
            "uv_upper_right": [0.647461, 0.900391],
            "advance": [0.451613, 0.000000]
        },
        "49": {
            "ascii_index": 49,
            "xy_lower_left": [0.025300, -0.039216],
            "xy_upper_right": [0.458571, 0.595667],
            "uv_lower_left": [0.697266, 0.825195],
            "uv_upper_right": [0.748047, 0.900391],
            "advance": [0.451613, 0.000000]
        },
        "50": {
            "ascii_index": 50,
            "xy_lower_left": [0.009171, -0.039216],
            "xy_upper_right": [0.442441, 0.603732],
            "uv_lower_left": [0.796875, 0.824219],
            "uv_upper_right": [0.847656, 0.900391],
            "advance": [0.451613, 0.000000]
        },
        "51": {
            "ascii_index": 51,
            "xy_lower_left": [0.009171, -0.047280],
            "xy_upper_right": [0.434377, 0.595667],
            "uv_lower_left": [0.896484, 0.824219],
            "uv_upper_right": [0.946289, 0.900391],
            "advance": [0.451613, 0.000000]
        },
        "52": {
            "ascii_index": 52,
            "xy_lower_left": [0.009171, -0.039216],
            "xy_upper_right": [0.418248, 0.595667],
            "uv_lower_left": [0.000000, 0.725586],
            "uv_upper_right": [0.047852, 0.800781],
            "advance": [0.451613, 0.000000]
        },
        "53": {
            "ascii_index": 53,
            "xy_lower_left": [0.009171, -0.047280],
            "xy_upper_right": [0.434377, 0.595667],
            "uv_lower_left": [0.099609, 0.724609],
            "uv_upper_right": [0.149414, 0.800781],
            "advance": [0.451613, 0.000000]
        },
        "54": {
            "ascii_index": 54,
            "xy_lower_left": [0.001107, -0.047280],
            "xy_upper_right": [0.450506, 0.595667],
            "uv_lower_left": [0.199219, 0.724609],
            "uv_upper_right": [0.251953, 0.800781],
            "advance": [0.451613, 0.000000]
        },
        "55": {
            "ascii_index": 55,
            "xy_lower_left": [0.017236, -0.039216],
            "xy_upper_right": [0.458571, 0.595667],
            "uv_lower_left": [0.298828, 0.725586],
            "uv_upper_right": [0.350586, 0.800781],
            "advance": [0.451613, 0.000000]
        },
        "56": {
            "ascii_index": 56,
            "xy_lower_left": [0.001107, -0.047280],
            "xy_upper_right": [0.450506, 0.603732],
            "uv_lower_left": [0.398438, 0.723633],
            "uv_upper_right": [0.451172, 0.800781],
            "advance": [0.451613, 0.000000]
        },
        "57": {
            "ascii_index": 57,
            "xy_lower_left": [0.001107, -0.039216],
            "xy_upper_right": [0.450506, 0.603732],
            "uv_lower_left": [0.498047, 0.724609],
            "uv_upper_right": [0.550781, 0.800781],
            "advance": [0.451613, 0.000000]
        },
        "58": {
            "ascii_index": 58,
            "xy_lower_left": [0.122075, -0.047280],
            "xy_upper_right": [0.337603, 0.466635],
            "uv_lower_left": [0.597656, 0.740234],
            "uv_upper_right": [0.622070, 0.800781],
            "advance": [0.451613, 0.000000]
        },
        "59": {
            "ascii_index": 59,
            "xy_lower_left": [0.105946, -0.168248],
            "xy_upper_right": [0.337603, 0.466635],
            "uv_lower_left": [0.697266, 0.725586],
            "uv_upper_right": [0.723633, 0.800781],
            "advance": [0.451613, 0.000000]
        },
        "60": {
            "ascii_index": 60,
            "xy_lower_left": [0.017236, 0.001107],
            "xy_upper_right": [0.434377, 0.498893],
            "uv_lower_left": [0.796875, 0.742188],
            "uv_upper_right": [0.845703, 0.800781],
            "advance": [0.451613, 0.000000]
        },
        "61": {
            "ascii_index": 61,
            "xy_lower_left": [0.017236, 0.089817],
            "xy_upper_right": [0.434377, 0.426312],
            "uv_lower_left": [0.896484, 0.761719],
            "uv_upper_right": [0.945312, 0.800781],
            "advance": [0.451613, 0.000000]
        },
        "62": {
            "ascii_index": 62,
            "xy_lower_left": [0.017236, 0.001107],
            "xy_upper_right": [0.434377, 0.498893],
            "uv_lower_left": [0.000000, 0.642578],
            "uv_upper_right": [0.048828, 0.701172],
            "advance": [0.451613, 0.000000]
        },
        "63": {
            "ascii_index": 63,
            "xy_lower_left": [0.049494, -0.047280],
            "xy_upper_right": [0.410183, 0.595667],
            "uv_lower_left": [0.099609, 0.625000],
            "uv_upper_right": [0.141602, 0.701172],
            "advance": [0.451613, 0.000000]
        },
        "64": {
            "ascii_index": 64,
            "xy_lower_left": [-0.015022, -0.176312],
            "xy_upper_right": [0.466635, 0.603732],
            "uv_lower_left": [0.199219, 0.608398],
            "uv_upper_right": [0.255859, 0.701172],
            "advance": [0.451613, 0.000000]
        },
        "65": {
            "ascii_index": 65,
            "xy_lower_left": [-0.006958, -0.039216],
            "xy_upper_right": [0.466635, 0.595667],
            "uv_lower_left": [0.298828, 0.625977],
            "uv_upper_right": [0.354492, 0.701172],
            "advance": [0.451613, 0.000000]
        },
        "66": {
            "ascii_index": 66,
            "xy_lower_left": [0.025300, -0.039216],
            "xy_upper_right": [0.450506, 0.595667],
            "uv_lower_left": [0.398438, 0.625977],
            "uv_upper_right": [0.448242, 0.701172],
            "advance": [0.451613, 0.000000]
        },
        "67": {
            "ascii_index": 67,
            "xy_lower_left": [0.025300, -0.047280],
            "xy_upper_right": [0.442441, 0.603732],
            "uv_lower_left": [0.498047, 0.624023],
            "uv_upper_right": [0.546875, 0.701172],
            "advance": [0.451613, 0.000000]
        },
        "68": {
            "ascii_index": 68,
            "xy_lower_left": [0.025300, -0.039216],
            "xy_upper_right": [0.434377, 0.595667],
            "uv_lower_left": [0.597656, 0.625977],
            "uv_upper_right": [0.645508, 0.701172],
            "advance": [0.451613, 0.000000]
        },
        "69": {
            "ascii_index": 69,
            "xy_lower_left": [0.033365, -0.039216],
            "xy_upper_right": [0.442441, 0.595667],
            "uv_lower_left": [0.697266, 0.625977],
            "uv_upper_right": [0.745117, 0.701172],
            "advance": [0.451613, 0.000000]
        },
        "70": {
            "ascii_index": 70,
            "xy_lower_left": [0.025300, -0.039216],
            "xy_upper_right": [0.442441, 0.595667],
            "uv_lower_left": [0.796875, 0.625977],
            "uv_upper_right": [0.845703, 0.701172],
            "advance": [0.451613, 0.000000]
        },
        "71": {
            "ascii_index": 71,
            "xy_lower_left": [0.017236, -0.047280],
            "xy_upper_right": [0.442441, 0.603732],
            "uv_lower_left": [0.896484, 0.624023],
            "uv_upper_right": [0.946289, 0.701172],
            "advance": [0.451613, 0.000000]
        },
        "72": {
            "ascii_index": 72,
            "xy_lower_left": [0.025300, -0.039216],
            "xy_upper_right": [0.434377, 0.595667],
            "uv_lower_left": [0.000000, 0.526367],
            "uv_upper_right": [0.047852, 0.601562],
            "advance": [0.451613, 0.000000]
        },
        "73": {
            "ascii_index": 73,
            "xy_lower_left": [0.033365, -0.039216],
            "xy_upper_right": [0.418248, 0.595667],
            "uv_lower_left": [0.099609, 0.526367],
            "uv_upper_right": [0.144531, 0.601562],
            "advance": [0.451613, 0.000000]
        },
        "74": {
            "ascii_index": 74,
            "xy_lower_left": [-0.015022, -0.047280],
            "xy_upper_right": [0.418248, 0.595667],
            "uv_lower_left": [0.199219, 0.525391],
            "uv_upper_right": [0.250000, 0.601562],
            "advance": [0.451613, 0.000000]
        },
        "75": {
            "ascii_index": 75,
            "xy_lower_left": [0.025300, -0.039216],
            "xy_upper_right": [0.466635, 0.595667],
            "uv_lower_left": [0.298828, 0.526367],
            "uv_upper_right": [0.350586, 0.601562],
            "advance": [0.451613, 0.000000]
        },
        "76": {
            "ascii_index": 76,
            "xy_lower_left": [0.057559, -0.039216],
            "xy_upper_right": [0.458571, 0.595667],
            "uv_lower_left": [0.398438, 0.526367],
            "uv_upper_right": [0.445312, 0.601562],
            "advance": [0.451613, 0.000000]
        },
        "77": {
            "ascii_index": 77,
            "xy_lower_left": [0.009171, -0.039216],
            "xy_upper_right": [0.450506, 0.595667],
            "uv_lower_left": [0.498047, 0.526367],
            "uv_upper_right": [0.549805, 0.601562],
            "advance": [0.451613, 0.000000]
        },
        "78": {
            "ascii_index": 78,
            "xy_lower_left": [0.025300, -0.039216],
            "xy_upper_right": [0.434377, 0.595667],
            "uv_lower_left": [0.597656, 0.526367],
            "uv_upper_right": [0.645508, 0.601562],
            "advance": [0.451613, 0.000000]
        },
        "79": {
            "ascii_index": 79,
            "xy_lower_left": [0.017236, -0.047280],
            "xy_upper_right": [0.434377, 0.603732],
            "uv_lower_left": [0.697266, 0.524414],
            "uv_upper_right": [0.746094, 0.601562],
            "advance": [0.451613, 0.000000]
        },
        "80": {
            "ascii_index": 80,
            "xy_lower_left": [0.025300, -0.039216],
            "xy_upper_right": [0.458571, 0.595667],
            "uv_lower_left": [0.796875, 0.526367],
            "uv_upper_right": [0.847656, 0.601562],
            "advance": [0.451613, 0.000000]
        },
        "81": {
            "ascii_index": 81,
            "xy_lower_left": [0.017236, -0.176312],
            "xy_upper_right": [0.442441, 0.603732],
            "uv_lower_left": [0.896484, 0.508789],
            "uv_upper_right": [0.946289, 0.601562],
            "advance": [0.451613, 0.000000]
        },
        "82": {
            "ascii_index": 82,
            "xy_lower_left": [0.025300, -0.039216],
            "xy_upper_right": [0.458571, 0.595667],
            "uv_lower_left": [0.000000, 0.426758],
            "uv_upper_right": [0.050781, 0.501953],
            "advance": [0.451613, 0.000000]
        },
        "83": {
            "ascii_index": 83,
            "xy_lower_left": [0.009171, -0.047280],
            "xy_upper_right": [0.450506, 0.603732],
            "uv_lower_left": [0.099609, 0.424805],
            "uv_upper_right": [0.151367, 0.501953],
            "advance": [0.451613, 0.000000]
        },
        "84": {
            "ascii_index": 84,
            "xy_lower_left": [-0.006958, -0.039216],
            "xy_upper_right": [0.458571, 0.595667],
            "uv_lower_left": [0.199219, 0.426758],
            "uv_upper_right": [0.253906, 0.501953],
            "advance": [0.451613, 0.000000]
        },
        "85": {
            "ascii_index": 85,
            "xy_lower_left": [0.025300, -0.047280],
            "xy_upper_right": [0.434377, 0.595667],
            "uv_lower_left": [0.298828, 0.425781],
            "uv_upper_right": [0.346680, 0.501953],
            "advance": [0.451613, 0.000000]
        },
        "86": {
            "ascii_index": 86,
            "xy_lower_left": [-0.006958, -0.039216],
            "xy_upper_right": [0.466635, 0.595667],
            "uv_lower_left": [0.398438, 0.426758],
            "uv_upper_right": [0.454102, 0.501953],
            "advance": [0.451613, 0.000000]
        },
        "87": {
            "ascii_index": 87,
            "xy_lower_left": [-0.031151, -0.039216],
            "xy_upper_right": [0.482764, 0.595667],
            "uv_lower_left": [0.498047, 0.426758],
            "uv_upper_right": [0.558594, 0.501953],
            "advance": [0.451613, 0.000000]
        },
        "88": {
            "ascii_index": 88,
            "xy_lower_left": [-0.015022, -0.039216],
            "xy_upper_right": [0.466635, 0.595667],
            "uv_lower_left": [0.597656, 0.426758],
            "uv_upper_right": [0.654297, 0.501953],
            "advance": [0.451613, 0.000000]
        },
        "89": {
            "ascii_index": 89,
            "xy_lower_left": [-0.015022, -0.039216],
            "xy_upper_right": [0.474700, 0.595667],
            "uv_lower_left": [0.697266, 0.426758],
            "uv_upper_right": [0.754883, 0.501953],
            "advance": [0.451613, 0.000000]
        },
        "90": {
            "ascii_index": 90,
            "xy_lower_left": [0.017236, -0.039216],
            "xy_upper_right": [0.434377, 0.595667],
            "uv_lower_left": [0.796875, 0.426758],
            "uv_upper_right": [0.845703, 0.501953],
            "advance": [0.451613, 0.000000]
        },
        "91": {
            "ascii_index": 91,
            "xy_lower_left": [0.105946, -0.119861],
            "xy_upper_right": [0.385990, 0.676312],
            "uv_lower_left": [0.896484, 0.407227],
            "uv_upper_right": [0.928711, 0.501953],
            "advance": [0.451613, 0.000000]
        },
        "92": {
            "ascii_index": 92,
            "xy_lower_left": [0.009171, -0.119861],
            "xy_upper_right": [0.442441, 0.676312],
            "uv_lower_left": [0.000000, 0.307617],
            "uv_upper_right": [0.050781, 0.402344],
            "advance": [0.451613, 0.000000]
        },
        "93": {
            "ascii_index": 93,
            "xy_lower_left": [0.065623, -0.119861],
            "xy_upper_right": [0.345667, 0.676312],
            "uv_lower_left": [0.099609, 0.307617],
            "uv_upper_right": [0.131836, 0.402344],
            "advance": [0.451613, 0.000000]
        },
        "94": {
            "ascii_index": 94,
            "xy_lower_left": [0.017236, 0.218849],
            "xy_upper_right": [0.442441, 0.595667],
            "uv_lower_left": [0.199219, 0.358398],
            "uv_upper_right": [0.249023, 0.402344],
            "advance": [0.451613, 0.000000]
        },
        "95": {
            "ascii_index": 95,
            "xy_lower_left": [0.001107, -0.119861],
            "xy_upper_right": [0.450506, 0.031151],
            "uv_lower_left": [0.298828, 0.385742],
            "uv_upper_right": [0.351562, 0.402344],
            "advance": [0.451613, 0.000000]
        },
        "96": {
            "ascii_index": 96,
            "xy_lower_left": [0.073688, 0.452720],
            "xy_upper_right": [0.329538, 0.644054],
            "uv_lower_left": [0.398438, 0.380859],
            "uv_upper_right": [0.427734, 0.402344],
            "advance": [0.451613, 0.000000]
        },
        "97": {
            "ascii_index": 97,
            "xy_lower_left": [0.009171, -0.047280],
            "xy_upper_right": [0.434377, 0.466635],
            "uv_lower_left": [0.498047, 0.341797],
            "uv_upper_right": [0.547852, 0.402344],
            "advance": [0.451613, 0.000000]
        },
        "98": {
            "ascii_index": 98,
            "xy_lower_left": [0.025300, -0.047280],
            "xy_upper_right": [0.434377, 0.595667],
            "uv_lower_left": [0.597656, 0.326172],
            "uv_upper_right": [0.645508, 0.402344],
            "advance": [0.451613, 0.000000]
        },
        "99": {
            "ascii_index": 99,
            "xy_lower_left": [0.017236, -0.047280],
            "xy_upper_right": [0.442441, 0.466635],
            "uv_lower_left": [0.697266, 0.341797],
            "uv_upper_right": [0.747070, 0.402344],
            "advance": [0.451613, 0.000000]
        },
        "100": {
            "ascii_index": 100,
            "xy_lower_left": [0.017236, -0.047280],
            "xy_upper_right": [0.434377, 0.595667],
            "uv_lower_left": [0.796875, 0.326172],
            "uv_upper_right": [0.845703, 0.402344],
            "advance": [0.451613, 0.000000]
        },
        "101": {
            "ascii_index": 101,
            "xy_lower_left": [0.017236, -0.047280],
            "xy_upper_right": [0.434377, 0.466635],
            "uv_lower_left": [0.896484, 0.341797],
            "uv_upper_right": [0.945312, 0.402344],
            "advance": [0.451613, 0.000000]
        },
        "102": {
            "ascii_index": 102,
            "xy_lower_left": [-0.006958, -0.039216],
            "xy_upper_right": [0.450506, 0.595667],
            "uv_lower_left": [0.000000, 0.227539],
            "uv_upper_right": [0.053711, 0.302734],
            "advance": [0.451613, 0.000000]
        },
        "103": {
            "ascii_index": 103,
            "xy_lower_left": [0.017236, -0.176312],
            "xy_upper_right": [0.434377, 0.466635],
            "uv_lower_left": [0.099609, 0.226562],
            "uv_upper_right": [0.148438, 0.302734],
            "advance": [0.451613, 0.000000]
        },
        "104": {
            "ascii_index": 104,
            "xy_lower_left": [0.025300, -0.039216],
            "xy_upper_right": [0.434377, 0.595667],
            "uv_lower_left": [0.199219, 0.227539],
            "uv_upper_right": [0.247070, 0.302734],
            "advance": [0.451613, 0.000000]
        },
        "105": {
            "ascii_index": 105,
            "xy_lower_left": [0.017236, -0.039216],
            "xy_upper_right": [0.466635, 0.627925],
            "uv_lower_left": [0.298828, 0.223633],
            "uv_upper_right": [0.351562, 0.302734],
            "advance": [0.451613, 0.000000]
        },
        "106": {
            "ascii_index": 106,
            "xy_lower_left": [0.017236, -0.176312],
            "xy_upper_right": [0.385990, 0.627925],
            "uv_lower_left": [0.398438, 0.207031],
            "uv_upper_right": [0.441406, 0.302734],
            "advance": [0.451613, 0.000000]
        },
        "107": {
            "ascii_index": 107,
            "xy_lower_left": [0.025300, -0.039216],
            "xy_upper_right": [0.466635, 0.595667],
            "uv_lower_left": [0.498047, 0.227539],
            "uv_upper_right": [0.549805, 0.302734],
            "advance": [0.451613, 0.000000]
        },
        "108": {
            "ascii_index": 108,
            "xy_lower_left": [-0.023087, -0.039216],
            "xy_upper_right": [0.458571, 0.595667],
            "uv_lower_left": [0.597656, 0.227539],
            "uv_upper_right": [0.654297, 0.302734],
            "advance": [0.451613, 0.000000]
        },
        "109": {
            "ascii_index": 109,
            "xy_lower_left": [0.001107, -0.039216],
            "xy_upper_right": [0.458571, 0.466635],
            "uv_lower_left": [0.697266, 0.243164],
            "uv_upper_right": [0.750977, 0.302734],
            "advance": [0.451613, 0.000000]
        },
        "110": {
            "ascii_index": 110,
            "xy_lower_left": [0.025300, -0.039216],
            "xy_upper_right": [0.434377, 0.466635],
            "uv_lower_left": [0.796875, 0.243164],
            "uv_upper_right": [0.844727, 0.302734],
            "advance": [0.451613, 0.000000]
        },
        "111": {
            "ascii_index": 111,
            "xy_lower_left": [0.017236, -0.047280],
            "xy_upper_right": [0.434377, 0.466635],
            "uv_lower_left": [0.896484, 0.242188],
            "uv_upper_right": [0.945312, 0.302734],
            "advance": [0.451613, 0.000000]
        },
        "112": {
            "ascii_index": 112,
            "xy_lower_left": [0.025300, -0.176312],
            "xy_upper_right": [0.434377, 0.466635],
            "uv_lower_left": [0.000000, 0.126953],
            "uv_upper_right": [0.047852, 0.203125],
            "advance": [0.451613, 0.000000]
        },
        "113": {
            "ascii_index": 113,
            "xy_lower_left": [0.017236, -0.176312],
            "xy_upper_right": [0.434377, 0.466635],
            "uv_lower_left": [0.099609, 0.126953],
            "uv_upper_right": [0.148438, 0.203125],
            "advance": [0.451613, 0.000000]
        },
        "114": {
            "ascii_index": 114,
            "xy_lower_left": [0.041429, -0.039216],
            "xy_upper_right": [0.450506, 0.466635],
            "uv_lower_left": [0.199219, 0.143555],
            "uv_upper_right": [0.247070, 0.203125],
            "advance": [0.451613, 0.000000]
        },
        "115": {
            "ascii_index": 115,
            "xy_lower_left": [0.017236, -0.047280],
            "xy_upper_right": [0.434377, 0.466635],
            "uv_lower_left": [0.298828, 0.142578],
            "uv_upper_right": [0.347656, 0.203125],
            "advance": [0.451613, 0.000000]
        },
        "116": {
            "ascii_index": 116,
            "xy_lower_left": [-0.006958, -0.039216],
            "xy_upper_right": [0.442441, 0.579538],
            "uv_lower_left": [0.398438, 0.129883],
            "uv_upper_right": [0.451172, 0.203125],
            "advance": [0.451613, 0.000000]
        },
        "117": {
            "ascii_index": 117,
            "xy_lower_left": [0.025300, -0.047280],
            "xy_upper_right": [0.434377, 0.458571],
            "uv_lower_left": [0.498047, 0.143555],
            "uv_upper_right": [0.545898, 0.203125],
            "advance": [0.451613, 0.000000]
        },
        "118": {
            "ascii_index": 118,
            "xy_lower_left": [-0.006958, -0.039216],
            "xy_upper_right": [0.458571, 0.458571],
            "uv_lower_left": [0.597656, 0.144531],
            "uv_upper_right": [0.652344, 0.203125],
            "advance": [0.451613, 0.000000]
        },
        "119": {
            "ascii_index": 119,
            "xy_lower_left": [-0.023087, -0.039216],
            "xy_upper_right": [0.474700, 0.458571],
            "uv_lower_left": [0.697266, 0.144531],
            "uv_upper_right": [0.755859, 0.203125],
            "advance": [0.451613, 0.000000]
        },
        "120": {
            "ascii_index": 120,
            "xy_lower_left": [-0.006958, -0.039216],
            "xy_upper_right": [0.466635, 0.458571],
            "uv_lower_left": [0.796875, 0.144531],
            "uv_upper_right": [0.852539, 0.203125],
            "advance": [0.451613, 0.000000]
        },
        "121": {
            "ascii_index": 121,
            "xy_lower_left": [-0.006958, -0.176312],
            "xy_upper_right": [0.458571, 0.458571],
            "uv_lower_left": [0.896484, 0.127930],
            "uv_upper_right": [0.951172, 0.203125],
            "advance": [0.451613, 0.000000]
        },
        "122": {
            "ascii_index": 122,
            "xy_lower_left": [0.025300, -0.039216],
            "xy_upper_right": [0.434377, 0.458571],
            "uv_lower_left": [0.000000, 0.044922],
            "uv_upper_right": [0.047852, 0.103516],
            "advance": [0.451613, 0.000000]
        },
        "123": {
            "ascii_index": 123,
            "xy_lower_left": [0.009171, -0.119861],
            "xy_upper_right": [0.426312, 0.676312],
            "uv_lower_left": [0.099609, 0.008789],
            "uv_upper_right": [0.148438, 0.103516],
            "advance": [0.451613, 0.000000]
        },
        "124": {
            "ascii_index": 124,
            "xy_lower_left": [0.146268, -0.119861],
            "xy_upper_right": [0.305345, 0.676312],
            "uv_lower_left": [0.199219, 0.008789],
            "uv_upper_right": [0.216797, 0.103516],
            "advance": [0.451613, 0.000000]
        },
        "125": {
            "ascii_index": 125,
            "xy_lower_left": [0.025300, -0.119861],
            "xy_upper_right": [0.442441, 0.676312],
            "uv_lower_left": [0.298828, 0.008789],
            "uv_upper_right": [0.347656, 0.103516],
            "advance": [0.451613, 0.000000]
        },
        "126": {
            "ascii_index": 126,
            "xy_lower_left": [0.009171, 0.146268],
            "xy_upper_right": [0.450506, 0.394054],
            "uv_lower_left": [0.398438, 0.075195],
            "uv_upper_right": [0.450195, 0.103516],
            "advance": [0.451613, 0.000000]
        }
    },
    "kerning": {
    }
}
